region,ville
MIDI-PYRENEES,GAILLAC
MIDI-PYRENEES,LISLE-SUR-TARN
NORD-PAS-DE-CALAIS,BAILLEUL
NORD-PAS-DE-CALAIS,DUNKERQUE
NORD-PAS-DE-CALAIS,BERCK-SUR-MER
NORD-PAS-DE-CALAIS,MONTREUIL-SUR-MER
BASSE-NORMANDIE,BAYEUX
BASSE-NORMANDIE,LE MOLAY-LITTRY
BASSE-NORMANDIE,SAINT-GERMAIN DE LIVET
BASSE-NORMANDIE,TILLY-SUR-SEULLES
BASSE-NORMANDIE,CERISY-LA-FORET
BASSE-NORMANDIE,CHERBOURG-EN-COTENTIN
BASSE-NORMANDIE,COUTANCES
BASSE-NORMANDIE,SAINT-VAAST-LA-HOUGUE
BASSE-NORMANDIE,TORIGNI-SUR-VIRE
BASSE-NORMANDIE,LA FERTE-MACE
HAUTE-NORMANDIE,EVREUX
HAUTE-NORMANDIE,VERNON
HAUTE-NORMANDIE,CAUDEBEC-EN-CAUX
HAUTE-NORMANDIE,HARFLEUR
HAUTE-NORMANDIE,LE HAVRE
HAUTE-NORMANDIE,MARTAINVILLE-EPREVILLE
HAUTE-NORMANDIE,SAINT-NICOLAS-D'ALIERMONT
HAUTE-NORMANDIE,VILLEQUIER
HAUTE-NORMANDIE,YVETOT
PAYS DE LA LOIRE,BATZ-SUR-MER
PAYS DE LA LOIRE,NANTES
PAYS DE LA LOIRE,SAINT-MALO DE GUERSAC
PAYS DE LA LOIRE,SAINT-NAZAIRE
PAYS DE LA LOIRE,ANGERS
PAYS DE LA LOIRE,BEAUFORT-EN-VALLEE
PAYS DE LA LOIRE,CHOLET
PAYS DE LA LOIRE,SAINT LAMBERT-DU-LATTAY - VAL-DU-LAYON
PAYS DE LA LOIRE,TRELAZE
PAYS DE LA LOIRE,FAYMOREAU
PAYS DE LA LOIRE,LA GUERINIERE
PAYS DE LA LOIRE,SOULLANS
PICARDIE,LA FERE
PICARDIE,COMPIEGNE
PICARDIE,CREIL
PICARDIE,CREPY-EN-VALOIS
PICARDIE,SENLIS
PICARDIE,ABBEVILLE
PICARDIE,AMIENS
POITOU-CHARENTES,ANGOULEME
POITOU-CHARENTES,LA ROCHELLE
POITOU-CHARENTES,ROCHEFORT
POITOU-CHARENTES,SAINTES
POITOU-CHARENTES,SAINT-MARTIN-DE-RE
POITOU-CHARENTES,ST-PIERRE D'OLERON
POITOU-CHARENTES,BOUGON
POITOU-CHARENTES,THOUARS
POITOU-CHARENTES,CHATELLERAULT
POITOU-CHARENTES,CHAUVIGNY
PROVENCE-ALPES-CÔTE D'AZUR,BARCELONNETTE
PROVENCE-ALPES-CÔTE D'AZUR,DIGNE-LES-BAINS
PROVENCE-ALPES-CÔTE D'AZUR,QUINSON
PROVENCE-ALPES-CÔTE D'AZUR,RIEZ-LA-ROMAINE
PROVENCE-ALPES-CÔTE D'AZUR,SISTERON
PROVENCE-ALPES-CÔTE D'AZUR,CANNES
PROVENCE-ALPES-CÔTE D'AZUR,NICE
PROVENCE-ALPES-CÔTE D'AZUR,TENDE
PROVENCE-ALPES-CÔTE D'AZUR,AIX-EN-PROVENCE
PROVENCE-ALPES-CÔTE D'AZUR,LES BAUX DE PROVENCE
PROVENCE-ALPES-CÔTE D'AZUR,MAILLANE
PROVENCE-ALPES-CÔTE D'AZUR,MARSEILLE
PROVENCE-ALPES-CÔTE D'AZUR,MARTIGUES
PROVENCE-ALPES-CÔTE D'AZUR,SAINT-REMY-DE-PROVENCE
PROVENCE-ALPES-CÔTE D'AZUR,DRAGUIGNAN
PROVENCE-ALPES-CÔTE D'AZUR,TOULON
PROVENCE-ALPES-CÔTE D'AZUR,APT
PROVENCE-ALPES-CÔTE D'AZUR,SAULT
RHONE-ALPES,BOURG-EN-BRESSE
RHONE-ALPES,NANTUA
RHONE-ALPES,OYONNAX
RHONE-ALPES,SOYONS
RHONE-ALPES,VALENCE
RHONE-ALPES,VIENNE
RHONE-ALPES,MONTBRISON
RHONE-ALPES,ROANNE
RHONE-ALPES,SAINT-ETIENNE
RHONE-ALPES,LYON
ALSACE,BETSCHDORF
ALSACE,STRASBOURG
ALSACE,ALTKIRCH
ALSACE,COLMAR
ALSACE,HUNINGE
ALSACE,MULHOUSE
ALSACE,RIQUEWIHR
ALSACE,THANN
AQUITAINE,DOMME
AQUITAINE,PERIGUEUX
AQUITAINE,SAINT-AVIT-SENIEUR
AQUITAINE,BORDEAUX
AQUITAINE,HASTINGUES
AQUITAINE,AGEN
AQUITAINE,MARMANDE
AQUITAINE,VILLENEUVE-SUR-LOT
AQUITAINE,ARUDY
AQUITAINE,GUETHARY
AQUITAINE,PAU
AUVERGNE,GANNAT
AUVERGNE,AURILLAC
AUVERGNE,RUYNES-EN-MARGERIDE
AUVERGNE,MUROL
AUVERGNE,RIOM
BOURGOGNE,BEAUNE
BOURGOGNE,CHATILLON-SUR-SEINE
BOURGOGNE,DIJON
BOURGOGNE,VARZY
BOURGOGNE,AUTUN
BOURGOGNE,CLUNY
BOURGOGNE,PIERRE-DE-BRESSE
BOURGOGNE,SOLUTRE-POUILLY
BOURGOGNE,SAINT-FARGEAU
BRETAGNE,SAINT-BRIEUC
BRETAGNE,OUESSANT
BRETAGNE,PONT-AVEN
BRETAGNE,PONT-L'ABBE
BRETAGNE,QUIMPER
BRETAGNE,MONTREUIL-SOUS-PEROUSE
BRETAGNE,RENNES
CENTRE,BOURGES
CENTRE,ISSOUDUN
CENTRE,LE GRAND PRESSIGNY
CENTRE,TOURS
CENTRE,YZEURES-SUR-CREUSE
CENTRE,BLOIS
CENTRE,VENDOME
CENTRE,ARTENAY
CENTRE,GIEN
CENTRE,MONTARGIS
CENTRE,ORLEANS
CHAMPAGNE-ARDENNES,TROYES
CHAMPAGNE-ARDENNES,LANGRES
CHAMPAGNE-ARDENNES,REIMS
CORSE,AJACCIO
CORSE,LEVIE
CORSE,BASTIA
FRANCHE-COMTE,BESANCON
FRANCHE-COMTE,MOIRANS-EN-MONTAGNE
GUYANE,CAYENNE
ILE-DE-FRANCE,DOURDAN
ILE-DE-FRANCE,ETAMPES
ILE-DE-FRANCE,BOULOGNE-BILLANCOURT
ILE-DE-FRANCE,COLOMBES
ILE-DE-FRANCE,MEUDON
ILE-DE-FRANCE,NEUILLY-SUR-SEINE
ILE-DE-FRANCE,SAINT-CLOUD
ILE-DE-FRANCE,PARIS
ILE-DE-FRANCE,FONTAINEBLEAU
ILE-DE-FRANCE,SAVIGNY-LE-TEMPLE
ILE-DE-FRANCE,LE BOURGET
ILE-DE-FRANCE,VILLIERS-SUR-MARNE
ILE-DE-FRANCE,ECOUEN
ILE-DE-FRANCE,GUIRY-EN-VEXIN
ILE-DE-FRANCE,PONTOISE
ILE-DE-FRANCE,POISSY
ILE-DE-FRANCE,SAINT-GERMAIN-EN-LAYE
LA REUNION,PITON-SAINT-LEU
LANGUEDOC-ROUSSILLON,SALLELES D'AUDE
LANGUEDOC-ROUSSILLON,BAGNOLS-SUR-CEZE
LANGUEDOC-ROUSSILLON,LE VIGAN
LANGUEDOC-ROUSSILLON,NIMES
LANGUEDOC-ROUSSILLON,PONT-SAINT-ESPRIT
LANGUEDOC-ROUSSILLON,UZES
LANGUEDOC-ROUSSILLON,BEZIERS
LANGUEDOC-ROUSSILLON,BOUZIGUES
LANGUEDOC-ROUSSILLON,FRONTIGNAN-LA-PEYRADE
LANGUEDOC-ROUSSILLON,MINERVE
LANGUEDOC-ROUSSILLON,SETE
LIMOUSIN,SARRAN
LIMOUSIN,USSEL
LIMOUSIN,ROCHECHOUART
LORRAINE,LONGWY
LORRAINE,NANCY
LORRAINE,VAUCOULEURS
LORRAINE,VERDUN
LORRAINE,MEISENTHAL
LORRAINE,METZ
LORRAINE,MIRECOURT
LORRAINE,REMIREMONT
LORRAINE,SAINT-DIE-DES-VOSGES
MARTINIQUE,FORT-DE-FRANCE
MIDI-PYRENEES,FOIX
MIDI-PYRENEES,LAVELANET
MIDI-PYRENEES,RODEZ
MIDI-PYRENEES,SALMIECH
MIDI-PYRENEES,CONDOM
MIDI-PYRENEES,EAUZE
MIDI-PYRENEES,MIRANDE
MIDI-PYRENEES,MARTRES-TOLOSANE
MIDI-PYRENEES,TOULOUSE
MIDI-PYRENEES,LOURDES
MIDI-PYRENEES,MAUVEZIN
MIDI-PYRENEES,VAYRAC
MIDI-PYRENEES,ALB
MIDI-PYRENEES,AUVILLAR
MIDI-PYRENEES,MONTAUBAN
NORD-PAS-DE-CALAIS,BOUCHAIN
NORD-PAS-DE-CALAIS,FOURMIES
NORD-PAS-DE-CALAIS,HAZEBROUCK
NORD-PAS-DE-CALAIS,LILLE
NORD-PAS-DE-CALAIS,TOURCOING
NORD-PAS-DE-CALAIS,VILLENEUVE-D'ASCQ
NORD-PAS-DE-CALAIS,HARNES
NORD-PAS-DE-CALAIS,LE TOUQUET-PARIS-PLAGE
BASSE-NORMANDIE,CAEN
BASSE-NORMANDIE,HONFLEUR
BASSE-NORMANDIE,BARENTON
BASSE-NORMANDIE,GRANVILLE
BASSE-NORMANDIE,SAINT-LO
BASSE-NORMANDIE,SAINT-MICHEL-DE-MONTJOIE
BASSE-NORMANDIE,ALENCON
BASSE-NORMANDIE,MORTAGNE-AU-PERCHE
HAUTE-NORMANDIE,BERNAY
HAUTE-NORMANDIE,PONT-AUDEMER
HAUTE-NORMANDIE,CANTELEU
HAUTE-NORMANDIE,ROUEN
PAYS DE LA LOIRE,SAINT-LYPHARD
PAYS DE LA LOIRE,LAVAL
PAYS DE LA LOIRE,LA BARRE-DE-MONTS
PAYS DE LA LOIRE,MOUILLERON-EN-PAREDS
PICARDIE,SOISSONS
PICARDIE,TERGNIER
POITOU-CHARENTES,COGNAC
POITOU-CHARENTES,FOURAS
POITOU-CHARENTES,ILE D'AIX
POITOU-CHARENTES,BRESSUIRE
POITOU-CHARENTES,NIORT
POITOU-CHARENTES,LOUDUN
PROVENCE-ALPES-CÔTE D'AZUR,ARLES
PROVENCE-ALPES-CÔTE D'AZUR,CASSIS
PROVENCE-ALPES-CÔTE D'AZUR,LA CIOTAT
PROVENCE-ALPES-CÔTE D'AZUR,LES-BAUX-DE-PROVENCE
PROVENCE-ALPES-CÔTE D'AZUR,SALON-DE-PROVENCE
PROVENCE-ALPES-CÔTE D'AZUR,FREJUS
PROVENCE-ALPES-CÔTE D'AZUR,CAVAILLON
PROVENCE-ALPES-CÔTE D'AZUR,CUCURON
PROVENCE-ALPES-CÔTE D'AZUR,FONTAINE-DE-VAUCLUSE
RHONE-ALPES,IZERNORE
RHONE-ALPES,LOCHIEU
RHONE-ALPES,PONT-DE-VAUX
RHONE-ALPES,SAINT-CYR-SUR-MENTHON
RHONE-ALPES,TOURNON-SUR-RHÔNE
RHONE-ALPES,ROMANS
RHONE-ALPES,ECHIROLLES
RHONE-ALPES,GRENOBLE
RHONE-ALPES,HIERES SUR AMBY
RHONE-ALPES,LA TRONCHE
RHONE-ALPES,AMBIERLE
RHONE-ALPES,CHARLIEU
RHONE-ALPES,CHAZELLES-SUR-LYON
RHONE-ALPES,SAINT-JUST-SAINT-RAMBERT
RHONE-ALPES,BEAUJEU
ST PIERRE ET MIQUELON,SAINT-PIERRE ET MIQUELON
ALSACE,BARR
ALSACE,BOUXWILLER
ALSACE,WALDERSBACH
ALSACE,BIESHEIM
ALSACE,GUEBWILLER
ALSACE,KAYSERSBERG VIGNOBLE
ALSACE,OLTINGUE
ALSACE,UNGERSHEIM
AQUITAINE,DAX
AQUITAINE,NERAC
AQUITAINE,BAYONNE
AUVERGNE,CERILLY
AUVERGNE,MOULINS
AUVERGNE,NERIS-LES-BAINS
AUVERGNE,SAINT-FLOUR
AUVERGNE,CLERMONT-FERRAND
AUVERGNE,MARSAC-EN-LIVRADOIS
AUVERGNE,VOLVIC
BOURGOGNE,MONTBARD
BOURGOGNE,CHATEAU-CHINON
BOURGOGNE,LE CREUSOT
BOURGOGNE,PARAY-LE-MONIAL
BOURGOGNE,ROMENAY
BOURGOGNE,VERDUN-SUR-LE-DOUBS
BOURGOGNE,SENS
BOURGOGNE,VEZELAY
BRETAGNE,LAMBALLE
BRETAGNE,MONTFORT-SUR-MEU
CENTRE,LA CHATRE
CENTRE,DESCARTES
CENTRE,SAVIGNY-EN-VERON
CENTRE,MEUNG-SUR-LOIRE
CHAMPAGNE-ARDENNES,CHARLEVILLE-MEZIERES
CHAMPAGNE-ARDENNES,SEDAN
FRANCHE-COMTE,MONTBELIARD
FRANCHE-COMTE,CHAMPAGNOLE
FRANCHE-COMTE,SAINT-CLAUDE
FRANCHE-COMTE,BELFORT
ILE-DE-FRANCE,RUEIL-MALMAISON
ILE-DE-FRANCE,SEVRES
ILE-DE-FRANCE,COUPVRAY
ILE-DE-FRANCE,MEAUX
ILE-DE-FRANCE,MORET-SUR-LOING
ILE-DE-FRANCE,SAINT-CYR-SUR-MORIN
ILE-DE-FRANCE,MONTREUIL-SOUS-BOIS
ILE-DE-FRANCE,FRESNES
ILE-DE-FRANCE,ROISSY-EN-FRANCE
ILE-DE-FRANCE,MAGNY-LES-HAMEAUX
ILE-DE-FRANCE,MEDAN
ILE-DE-FRANCE,RAMBOUILLET
ILE-DE-FRANCE,VERSAILLES
LA REUNION,SAINT-GILLES-LES-HAUTS
LANGUEDOC-ROUSSILLON,CARCASSONNE
LANGUEDOC-ROUSSILLON,CASTELNAUDARY
LANGUEDOC-ROUSSILLON,SIGEAN
LANGUEDOC-ROUSSILLON,ALES
LANGUEDOC-ROUSSILLON,LATTES
LANGUEDOC-ROUSSILLON,LE CAP D'AGDE
LANGUEDOC-ROUSSILLON,MURVIEL-LES-MONTPELLIER
LANGUEDOC-ROUSSILLON,PEZENAS
LANGUEDOC-ROUSSILLON,SAINT-PONS-DE-THOMIERES
LANGUEDOC-ROUSSILLON,PERPIGNAN
LIMOUSIN,BRIVE-LA-GAILLARDE
LIMOUSIN,TULLE
LIMOUSIN,AUBUSSON
LIMOUSIN,LIMOGES
LORRAINE,DENEUVRE
LORRAINE,COMMERCY
LORRAINE,SAINT-MIHIEL
LORRAINE,MARSAL
MARTINIQUE,LES TROIS ILETS
MIDI-PYRENEES,MONTGAILHARD
MIDI-PYRENEES,MARTEL
MIDI-PYRENEES,SOUILLAC
MIDI-PYRENEES,RABASTENS
NORD-PAS-DE-CALAIS,BAVAY
NORD-PAS-DE-CALAIS,BERGUES
NORD-PAS-DE-CALAIS,CAMBRAI
NORD-PAS-DE-CALAIS,ESCAUDAIN
NORD-PAS-DE-CALAIS,GRAVELINES
NORD-PAS-DE-CALAIS,LE CATEAU-CAMBRESIS
NORD-PAS-DE-CALAIS,VALENCIENNES
NORD-PAS-DE-CALAIS,BETHUNE
NORD-PAS-DE-CALAIS,SAMER
BASSE-NORMANDIE,VILLERS-SUR-MER
BASSE-NORMANDIE,VIRE NORMANDIE
BASSE-NORMANDIE,VILLEDIEU-LES-POELES-ROUFFIGNY
PAYS DE LA LOIRE,SAINT-JOACHIM
PAYS DE LA LOIRE,BAUGE
PAYS DE LA LOIRE,PARCAY-LES-PINS
PAYS DE LA LOIRE,SAUMUR
PAYS DE LA LOIRE,AMBRIERES-LES-VALLEES
PAYS DE LA LOIRE,CHATEAU-GONTIER
PAYS DE LA LOIRE,COSSE-LE-VIVIEN
PAYS DE LA LOIRE,JUBLAINS
PAYS DE LA LOIRE,LE MANS
PAYS DE LA LOIRE,SAINT-CALAIS
PAYS DE LA LOIRE,LA ROCHE-SUR-YON
PICARDIE,GUISE
PICARDIE,VILLERS COTTERETS
PICARDIE,NOYON
POITOU-CHARENTES,SAINT-JEAN-D'ANGELY
PROVENCE-ALPES-CÔTE D'AZUR,ANTIBES
PROVENCE-ALPES-CÔTE D'AZUR,CAGNES-SUR-MER
PROVENCE-ALPES-CÔTE D'AZUR,PUYLOUBIER
PROVENCE-ALPES-CÔTE D'AZUR,SAINT-CHAMAS
PROVENCE-ALPES-CÔTE D'AZUR,HYERES
PROVENCE-ALPES-CÔTE D'AZUR,SOLLIES-VILLE
PROVENCE-ALPES-CÔTE D'AZUR,AVIGNON
RHONE-ALPES,ORGNAC-L'AVEN
RHONE-ALPES,MOURS SAINT-EUSEBE
RHONE-ALPES,SAINT-PAUL-TROIS-CHATEAUX
RHONE-ALPES,LOVAGNY
RHONE-ALPES,THONES
RHONE-ALPES,CHARAVINES
RHONE-ALPES,LA-COTE-SAINT-ANDRE
RHONE-ALPES,SAINT-PIERRE-DE-CHARTREUSE
RHONE-ALPES,ESTIVAREILLES
RHONE-ALPES,FEURS
RHONE-ALPES,ROCHETAILLEE-SUR-SAONE
ALSACE,PFAFFENHOFFEN
AQUITAINE,BOURDEILLES
AQUITAINE,SABRES
AQUITAINE,SAINT-SEVER
AUVERGNE,SOUVIGNY
AUVERGNE,LEZOUX
AUVERGNE,MENAT
BOURGOGNE,CLAMECY
BOURGOGNE,COSNE-SUR-LOIRE
BOURGOGNE,LA MACHINE
BOURGOGNE,BOURBON-LANCY
BOURGOGNE,CHALON-SUR-SAONE
BOURGOGNE,ROMANECHE-THORINS
BRETAGNE,BREST
BRETAGNE,DOUARNENEZ
BRETAGNE,VITRE
BRETAGNE,VANNES
CENTRE,CHARTRES-MAINVILLIERS
CENTRE,CHATEAUROUX
CENTRE,LE BLANC
CENTRE,CHINON
CHAMPAGNE-ARDENNES,BOURBONNE-LES-BAINS
CHAMPAGNE-ARDENNES,CHAUMONT
CHAMPAGNE-ARDENNES,NOGENT
CHAMPAGNE-ARDENNES,SAINT-DIZIER
FRANCHE-COMTE,ORNANS
FRANCHE-COMTE,LONS-LE-SAUNIER
FRANCHE-COMTE,VOITEUR
FRANCHE-COMTE,BEAUCOURT
ILE-DE-FRANCE,BIEVRES
ILE-DE-FRANCE,SURESNES
ILE-DE-FRANCE,BARBIZON
ILE-DE-FRANCE,LAGNY-SUR-MARNE
ILE-DE-FRANCE,LE MEE-SUR-SEINE
ILE-DE-FRANCE,MELUN
ILE-DE-FRANCE,NEMOURS
ILE-DE-FRANCE,VULAINES-SUR-SEINE
ILE-DE-FRANCE,LA VARENNE-SAINT-HILAIRE
ILE-DE-FRANCE,JOUY-EN-JOSAS
LANGUEDOC-ROUSSILLON,LIMOUX
LANGUEDOC-ROUSSILLON,VILLENEUVE-LES-AVIGNON
LANGUEDOC-ROUSSILLON,MONTPELLIER
LORRAINE,SAMPIGNY
LORRAINE,VARENNES-EN-ARGONNE
LORRAINE,THIONVILLE
LORRAINE,VIC-SUR-SEILLE
LORRAINE,EPINAL
MARTINIQUE,SAINT-PIERRE
MIDI-PYRENEES,MONTSEGUR
MIDI-PYRENEES,ESPALION
MIDI-PYRENEES,MARCIAC
MIDI-PYRENEES,CŒUR DE CAUSSE
MIDI-PYRENEES,FIGEAC
MIDI-PYRENEES,ALBI
MIDI-PYRENEES,LAVAUR
MIDI-PYRENEES,SAINT-ANTONIN-NOBLE-VAL
NORD-PAS-DE-CALAIS,DESVRES
NORD-PAS-DE-CALAIS,SAINT-OMER
BASSE-NORMANDIE,ORBEC
BASSE-NORMANDIE,AVRANCHES
BASSE-NORMANDIE,SAINT-SAUVEUR-LE-VICOMTE
BASSE-NORMANDIE,SAINT-CYR LA ROSIERE
HAUTE-NORMANDIE,LES ANDELYS
HAUTE-NORMANDIE,EU
PAYS DE LA LOIRE,BOURGNEUF-EN-RETZ
PAYS DE LA LOIRE,MAYENNE
PAYS DE LA LOIRE,LES LUCS-SUR-BOULOGNE
PICARDIE,CHATEAU-THIERRY
PICARDIE,HIRSON
PICARDIE,MERU
PICARDIE,PERONNE
POITOU-CHARENTES,POITIERS
PROVENCE-ALPES-CÔTE D'AZUR,FORCALQUIER
PROVENCE-ALPES-CÔTE D'AZUR,LE CANNET
PROVENCE-ALPES-CÔTE D'AZUR,MENTON
PROVENCE-ALPES-CÔTE D'AZUR,CARPENTRAS
PROVENCE-ALPES-CÔTE D'AZUR,VAISON-LA-ROMAINE
RHONE-ALPES,ANNONAY
RHONE-ALPES,SERRIERES
ALSACE,SAVERNE
ALSACE,WINGEN-SUR-MODER
ALSACE,NEUF-BRISACH
AQUITAINE,BERGERAC
AQUITAINE,MUSSIDAN
AUVERGNE,LAVAUDIEU
AUVERGNE,LE PUY-EN-VELAY
AUVERGNE,ARLANC
BOURGOGNE,SAULIEU
BOURGOGNE,NEVERS
BOURGOGNE,MACON
BOURGOGNE,AVALLON
BOURGOGNE,VILLIERS-SAINT-BENOIT
BRETAGNE,CONCARNEAU
BRETAGNE,BREC'H
BRETAGNE,PORT-LOUIS
CENTRE,DREUX
CENTRE,ILLIERS-COMBRAY
CENTRE,ARGENTON-SUR-CREUSE
CENTRE,LOCHES
CORSE,CORTE
FRANCHE-COMTE,FOUGEROLLES
ILE-DE-FRANCE,BRUNOY
ILE-DE-FRANCE,CLAMART
ILE-DE-FRANCE,ISSY-LES-MOULINEAUX
ILE-DE-FRANCE,COULOMMIERS
ILE-DE-FRANCE,VITRY SUR SEINE
ILE-DE-FRANCE,MONTMORENCY
LA REUNION,SAINT-LOUIS
LANGUEDOC-ROUSSILLON,BRAM
LANGUEDOC-ROUSSILLON,SAINT-GILLES-DU-GARD
LANGUEDOC-ROUSSILLON,CERET
LORRAINE,JARVILLE-LA-MALGRANGE
LORRAINE,PHALSBOURG
LORRAINE,SARREGUEMINES
MIDI-PYRENEES,LE MAS D'AZIL
MIDI-PYRENEES,DECAZEVILLE
MIDI-PYRENEES,L'ISLE JOURDAIN
MIDI-PYRENEES,FERRIERES
MIDI-PYRENEES,MOISSAC
NORD-PAS-DE-CALAIS,LEWARDE
NORD-PAS-DE-CALAIS,ROUBAIX
NORD-PAS-DE-CALAIS,SAINT-AMAND-LES-EAUX
NORD-PAS-DE-CALAIS,CALAIS
BASSE-NORMANDIE,PONTECOULANT
BASSE-NORMANDIE,EQUEURDREVILLLE-HAINNEVILLE
HAUTE-NORMANDIE,LA COUTURE-BOUSSEY
HAUTE-NORMANDIE,MONTVILLE
PAYS DE LA LOIRE,BLAIN
PAYS DE LA LOIRE,LE PALLET
PAYS DE LA LOIRE,SAINT-HILAIRE-DE-RIEZ
PICARDIE,VERVINS
PICARDIE,CHAUMONT-EN-VEXIN
POITOU-CHARENTES,MARANS
POITOU-CHARENTES,PARTHENAY
POITOU-CHARENTES,LUSSAC-LES-CHATEAUX
POITOU-CHARENTES,MONTMORILLON
PROVENCE-ALPES-CÔTE D'AZUR,PUGET-ROSTANG
PROVENCE-ALPES-CÔTE D'AZUR,FONTVIEILLE
PROVENCE-ALPES-CÔTE D'AZUR,LE POUVEREL LA GARDE
PROVENCE-ALPES-CÔTE D'AZUR,SAINT-RAPHAËL
RHONE-ALPES,PEROUGES
RHONE-ALPES,VAL-REVERMONT
RHONE-ALPES,VASSIEUX-EN-VERCORS
RHONE-ALPES,ALLEVARD-LES-BAINS
RHONE-ALPES,LA MURE
RHONE-ALPES,VIZILLE
RHONE-ALPES,USSON-EN-FOREZ
RHONE-ALPES,AIX-LES-BAINS
ALSACE,REICHSHOFFEN
ALSACE,CERNAY
ALSACE,VIEUX FERRETTE
AQUITAINE,BISCARROSSE
AQUITAINE,CAMBO-LES-BAINS
AUVERGNE,VICHY
AUVERGNE,THIERS
BOURGOGNE,NUITS-SAINT-GEORGES
BOURGOGNE,BLANZY
BRETAGNE,DINAN
BRETAGNE,MORLAIX
BRETAGNE,SAINT-MALO
CENTRE,CHARTRES
CENTRE,RICHELIEU
CENTRE,MER
CENTRE,THESEE
CENTRE,CHATEAUNEUF-SUR-LOIRE
CHAMPAGNE-ARDENNES,BAZEILLES
CHAMPAGNE-ARDENNES,NOGENT-SUR-SEINE
GUADELOUPE,LE MOULE
ILE-DE-FRANCE,CHELLES
ILE-DE-FRANCE,SAINT-DENIS
ILE-DE-FRANCE,LOUVECIENNES
LANGUEDOC-ROUSSILLON,AGDE
LANGUEDOC-ROUSSILLON,LODEVE
LANGUEDOC-ROUSSILLON,PERPIGNAN Cedex
MIDI-PYRENEES,SAINT-LIZIER
MIDI-PYRENEES,SALLES-LA-SOURCE
MIDI-PYRENEES,LUZECH
NORD-PAS-DE-CALAIS,CASSEL
NORD-PAS-DE-CALAIS,BOULOGNE-SUR-MER
BASSE-NORMANDIE,VALOGNES
HAUTE-NORMANDIE,ELBEUF
HAUTE-NORMANDIE,LE PETIT-COURONNE
HAUTE-NORMANDIE,NOTRE-DAME-DE-BLIQUETUIT
PAYS DE LA LOIRE,MALICORNE-SUR-SARTHE
PAYS DE LA LOIRE,LA-CHAIZE-LE-VICOMTE
PAYS DE LA LOIRE,LES SABLES D'OLONNE
PROVENCE-ALPES-CÔTE D'AZUR,BIOT
PROVENCE-ALPES-CÔTE D'AZUR,GRASSE
PROVENCE-ALPES-CÔTE D'AZUR,AUBAGNE/PUYLOUBIER
RHONE-ALPES,RUMILLY
RHONE-ALPES,ALPE D'HUEZ
RHONE-ALPES,AOSTE
RHONE-ALPES,SAINT-PRIEST-EN-JAREZ
RHONE-ALPES,CHAMBERY
ALSACE,HAGUENAU
ALSACE,NIEDERBRONN-LES-BAINS
AQUITAINE,LES EYZIES-DE-TAYAC
AQUITAINE,MONT-DE-MARSAN
AQUITAINE,MONTFORT-EN-CHALOSSE
BOURGOGNE,SEMUR-EN-AUXOIS
BOURGOGNE,AUXERRE
BRETAGNE,TREGARVAN
CENTRE,VIERZON
CENTRE,NOGENT-LE-ROTROU
CENTRE,SAINTE-MAURE-DE-TOURAINE
CENTRE,SAVIGNE-SUR-LATHAN
CENTRE,SEUILLY
CHAMPAGNE-ARDENNES,CHALONS-EN-CHAMPAGNE
CORSE,ALERIA
FRANCHE-COMTE,PONTARLIER
FRANCHE-COMTE,LUXEUIL-LES-BAINS
FRANCHE-COMTE,ARBOIS
ILE-DE-FRANCE,PROVINS
ILE-DE-FRANCE,MANTES-LA-JOLIE
ILE-DE-FRANCE,MONTFORT-L'AMAURY
LANGUEDOC-ROUSSILLON,BEAUCAIRE
LANGUEDOC-ROUSSILLON,HEREPIAN
LANGUEDOC-ROUSSILLON,TAUTAVEL
LORRAINE,TOUL
LORRAINE,STENAY
LORRAINE,PETITE-ROSSELLE
MIDI-PYRENEES,BAGNERES-DE-LUCHON
MIDI-PYRENEES,SAINT-GAUDENS
MIDI-PYRENEES,BOURGNEUF-EN-RETZ
MIDI-PYRENEES,CASTRES
NORD-PAS-DE-CALAIS,DENAIN
NORD-PAS-DE-CALAIS,MARCHIENNES
NORD-PAS-DE-CALAIS,SARS-POTERIES
HAUTE-NORMANDIE,CONCHES-EN-OUCHE
HAUTE-NORMANDIE,LOUVIERS
HAUTE-NORMANDIE,DIEPPE
HAUTE-NORMANDIE,NOTRE-DAME-DE-BONDEVILLE
PAYS DE LA LOIRE,ERNEE
PAYS DE LA LOIRE,RENAZE
PICARDIE,LAON
PICARDIE,BEAUVAIS
PICARDIE,DOULLENS
PROVENCE-ALPES-CÔTE D'AZUR,MANE
PROVENCE-ALPES-CÔTE D'AZUR,VALLAURIS
PROVENCE-ALPES-CÔTE D'AZUR,SAINT-CANNAT
PROVENCE-ALPES-CÔTE D'AZUR,BRIGNOLES
RHONE-ALPES,SAINT-PAUL-DE-VARAX
RHONE-ALPES,ANNECY
RHONE-ALPES,BOURGOIN-JALLIEU
RHONE-ALPES,SAINT-ETIENNE-LE-MOLARD
RHONE-ALPES,THIZY-LES-BOURGS
RHONE-ALPES,AIME-EN-TARENTAISE
AUVERGNE-RHONE-ALPES,BOURG-EN-BRESSE
AUVERGNE-RHONE-ALPES,LOCHIEU
AUVERGNE-RHONE-ALPES,GANNAT
AUVERGNE-RHONE-ALPES,ANNONAY
AUVERGNE-RHONE-ALPES,LES VANS
AUVERGNE-RHONE-ALPES,SOYONS
AUVERGNE-RHONE-ALPES,AURILLAC
AUVERGNE-RHONE-ALPES,ROMANS
AUVERGNE-RHONE-ALPES,ANNECY
AUVERGNE-RHONE-ALPES,GRENOBLE
AUVERGNE-RHONE-ALPES,HIERES SUR AMBY
AUVERGNE-RHONE-ALPES,LA TRONCHE
AUVERGNE-RHONE-ALPES,VIZILLE
AUVERGNE-RHONE-ALPES,CHARLIEU
AUVERGNE-RHONE-ALPES,MONTBRISON
AUVERGNE-RHONE-ALPES,ROANNE
AUVERGNE-RHONE-ALPES,SAINT-ETIENNE
AUVERGNE-RHONE-ALPES,LYON
AUVERGNE-RHONE-ALPES,VILLEFRANCHE-SUR-SAONE
AUVERGNE-RHONE-ALPES,ALBERTVILLE
BOURGOGNE-FRANCHE-COMTE,ALISE-SAINTE-REINE
BOURGOGNE-FRANCHE-COMTE,DIJON
BOURGOGNE-FRANCHE-COMTE,SEMUR-EN-AUXOIS
BOURGOGNE-FRANCHE-COMTE,BESANCON
BOURGOGNE-FRANCHE-COMTE,FOUGEROLLES
BOURGOGNE-FRANCHE-COMTE,LUXEUIL-LES-BAINS
BOURGOGNE-FRANCHE-COMTE,LONS-LE-SAUNIER
BOURGOGNE-FRANCHE-COMTE,AUTUN
BOURGOGNE-FRANCHE-COMTE,CHALON-SUR-SAONE
BOURGOGNE-FRANCHE-COMTE,LE CREUSOT
BOURGOGNE-FRANCHE-COMTE,LOUHANS
BOURGOGNE-FRANCHE-COMTE,MACON
BOURGOGNE-FRANCHE-COMTE,TOURNUS
BOURGOGNE-FRANCHE-COMTE,ETUEFFONT
BOURGOGNE-FRANCHE-COMTE,AUXERRE
BOURGOGNE-FRANCHE-COMTE,SENS
BRETAGNE,RIVOAL
CENTRE-VAL DE LOIRE,SAINT-AMAND-MONTROND
CENTRE-VAL DE LOIRE,CHARTRES-MAINVILLIERS
CENTRE-VAL DE LOIRE,ILLIERS-COMBRAY
CENTRE-VAL DE LOIRE,NOGENT-LE-ROTROU
CENTRE-VAL DE LOIRE,NAVEIL
CENTRE-VAL DE LOIRE,VENDOME
CENTRE-VAL DE LOIRE,MEUNG-SUR-LOIRE
CENTRE-VAL DE LOIRE,MONTARGIS
CORSE,LUCCIANA
CORSE,MOROSAGLIA
GRAND EST,CHARLEVILLE-MEZIERES
GRAND EST,BRIENNE-LE-CHATEAU
GRAND EST,TROYES
GRAND EST,HAGUENAU
GRAND EST,STRASBOURG
GRAND EST,NOGENT
GRAND EST,ALTKIRCH
GRAND EST,COLMAR
GRAND EST,HUNINGE
GRAND EST,MULHOUSE
GRAND EST,VIEUX FERRETTE
GRAND EST,CHALONS-EN-CHAMPAGNE
GRAND EST,REIMS
GRAND EST,DENEUVRE
GRAND EST,LUNEVILLE
GRAND EST,NANCY
GRAND EST,MONTMEDY
GRAND EST,SAINT-MIHIEL
GRAND EST,VERDUN
GRAND EST,MEISENTHAL
GRAND EST,METZ
GRAND EST,SARREGUEMINES
GUYANE,REGINA
HAUTS-DE-FRANCE,GUISE
HAUTS-DE-FRANCE,LAON
HAUTS-DE-FRANCE,SAINT-QUENTIN
HAUTS-DE-FRANCE,BAILLEUL
HAUTS-DE-FRANCE,CASSEL
HAUTS-DE-FRANCE,DOUAI
HAUTS-DE-FRANCE,DUNKERQUE
HAUTS-DE-FRANCE,LEWARDE
HAUTS-DE-FRANCE,LILLE
HAUTS-DE-FRANCE,ROUBAIX
HAUTS-DE-FRANCE,SAINT-AMAND-LES-EAUX
HAUTS-DE-FRANCE,VALENCIENNES
HAUTS-DE-FRANCE,VILLENEUVE-D'ASCQ
HAUTS-DE-FRANCE,COMPIEGNE
HAUTS-DE-FRANCE,CALAIS
HAUTS-DE-FRANCE,HARNES
HAUTS-DE-FRANCE,SAINT-OMER
HAUTS-DE-FRANCE,ABBEVILLE
ILE-DE-FRANCE,NOGENT-SUR-MARNE
ILE-DE-FRANCE,MONTIGNY LE BRETONNEUX
NORMANDIE,CAEN
NORMANDIE,LE MOLAY-LITTRY
NORMANDIE,PONTECOULANT
NORMANDIE,SAINT-GERMAIN DE LIVET
NORMANDIE,VILLERS-SUR-MER
NORMANDIE,CONCHES-EN-OUCHE
NORMANDIE,EVREUX
NORMANDIE,LA COUTURE-BOUSSEY
NORMANDIE,LES ANDELYS
NORMANDIE,AVRANCHES
NORMANDIE,CERISY-LA-FORET
NORMANDIE,CHERBOURG-EN-COTENTIN
NORMANDIE,COUTANCES
NORMANDIE,EQUEURDREVILLLE-HAINNEVILLE
NORMANDIE,GRANVILLE
NORMANDIE,SAINT-LO
NORMANDIE,CAUDEBEC-EN-CAUX
NORMANDIE,LE HAVRE
NORMANDIE,LE PETIT-COURONNE
NORMANDIE,ROUEN
NOUVELLE-AQUITAINE,COGNAC
NOUVELLE-AQUITAINE,LA ROCHELLE
NOUVELLE-AQUITAINE,SARRAN
NOUVELLE-AQUITAINE,NIORT
NOUVELLE-AQUITAINE,PARTHENAY
NOUVELLE-AQUITAINE,LES EYZIES-DE-TAYAC
NOUVELLE-AQUITAINE,MUSSIDAN
NOUVELLE-AQUITAINE,PERIGUEUX
NOUVELLE-AQUITAINE,ROCHECHOUART
NOUVELLE-AQUITAINE,BISCARROSSE
NOUVELLE-AQUITAINE,HASTINGUES
NOUVELLE-AQUITAINE,SABRES
NOUVELLE-AQUITAINE,SAMADET
NOUVELLE-AQUITAINE,VILLENEUVE-SUR-LOT
NOUVELLE-AQUITAINE,BAYONNE
NOUVELLE-AQUITAINE,CAMBO-LES-BAINS
NOUVELLE-AQUITAINE,CHAUVIGNY
NOUVELLE-AQUITAINE,LOUDUN
OCCITANIE,LE MAS D'AZIL
OCCITANIE,MONTSEGUR
OCCITANIE,BRAM
OCCITANIE,NARBONNE
OCCITANIE,SIGEAN
OCCITANIE,DECAZEVILLE
OCCITANIE,MILLAU
OCCITANIE,RODEZ
OCCITANIE,VILLEFRANCHE-DE-ROUERGUE
OCCITANIE,ALES
OCCITANIE,NIMES
OCCITANIE,PONT-SAINT-ESPRIT
OCCITANIE,EAUZE
OCCITANIE,TOULOUSE
OCCITANIE,AGDE
OCCITANIE,MONTPELLIER
OCCITANIE,SAINT-PONS-DE-THOMIERES
OCCITANIE,SETE
OCCITANIE,SAINTE-LEOCADIE
OCCITANIE,CORDES-SUR-CIEL
OCCITANIE,FERRIERES
OCCITANIE,GAILLAC
OCCITANIE,LA-BASTIDE-ROUAIROUX
OCCITANIE,LISLE-SUR-TARN
OCCITANIE,MONTAUBAN
PAYS DE LA LOIRE,MONTAIGU
PROVENCE-ALPES-CÔTE D'AZUR,MOUSTIERS-SAINTE-MARIE
PROVENCE-ALPES-CÔTE D'AZUR,VACHERES
PROVENCE-ALPES-CÔTE D'AZUR,GAP
AUVERGNE-RHONE-ALPES,VAL-REVERMONT
AUVERGNE-RHONE-ALPES,TOURNON-SUR-RHÔNE
AUVERGNE-RHONE-ALPES,GRIGNAN
AUVERGNE-RHONE-ALPES,SAINT-PAUL-TROIS-CHATEAUX
AUVERGNE-RHONE-ALPES,LOVAGNY
AUVERGNE-RHONE-ALPES,VAUJANY
AUVERGNE-RHONE-ALPES,POMMIERS-EN-FOREZ
AUVERGNE-RHONE-ALPES,SAINT-JUST-SAINT-RAMBERT
AUVERGNE-RHONE-ALPES,ARLANC
AUVERGNE-RHONE-ALPES,MENAT
AUVERGNE-RHONE-ALPES,RIOM
AUVERGNE-RHONE-ALPES,AIX-LES-BAINS
BOURGOGNE-FRANCHE-COMTE,FIXIN
BOURGOGNE-FRANCHE-COMTE,MONTBARD
BOURGOGNE-FRANCHE-COMTE,NANCRAY
BOURGOGNE-FRANCHE-COMTE,ARBOIS
BOURGOGNE-FRANCHE-COMTE,MOREZ HAUTS DE BIENNE
BOURGOGNE-FRANCHE-COMTE,SAINT-CLAUDE
BOURGOGNE-FRANCHE-COMTE,SALINS-LES-BAINS
BOURGOGNE-FRANCHE-COMTE,CHATEAU-CHINON
BOURGOGNE-FRANCHE-COMTE,COSNE-SUR-LOIRE
BOURGOGNE-FRANCHE-COMTE,ROMENAY
BOURGOGNE-FRANCHE-COMTE,SAINT-LEGER-SOUS BEUVRAY
BOURGOGNE-FRANCHE-COMTE,VILLENEUVE-SUR-YONNE
BRETAGNE,INZINZAC-LOCHRIST
BRETAGNE,SAINT-MARCEL - MALESTROIT
CENTRE-VAL DE LOIRE,BOURGES
CENTRE-VAL DE LOIRE,AMBOISE
CENTRE-VAL DE LOIRE,SEUILLY
CENTRE-VAL DE LOIRE,TOURS
CENTRE-VAL DE LOIRE,BLOIS
CENTRE-VAL DE LOIRE,MER
CENTRE-VAL DE LOIRE,THESEE
CENTRE-VAL DE LOIRE,CHATEAUNEUF-SUR-LOIRE
CENTRE-VAL DE LOIRE,ORLEANS
GRAND EST,SEDAN Cedex
GRAND EST,LANGRES
GRAND EST,LANEUVEVILLE-DEVANT-NANCY
GRAND EST,VARENNES-EN-ARGONNE
GRAND EST,VAUCOULEURS
GRAND EST,SARREBOURG
GRAND EST,THIONVILLE
GRAND EST,MIRECOURT
GUADELOUPE,GRAND-BOURG de MARIE-GALANTE
GUADELOUPE,POINTE-A-PITRE
HAUTS-DE-FRANCE,SOISSONS
HAUTS-DE-FRANCE,TERGNIER
HAUTS-DE-FRANCE,BAVAY
HAUTS-DE-FRANCE,ESCAUDAIN
ILE-DE-FRANCE,BRY-SUR-MARNE
NORMANDIE,ARROMANCHES
NORMANDIE,LISIEUX
NORMANDIE,VIEUX
NORMANDIE,VIRE NORMANDIE
NORMANDIE,BERNAY
NORMANDIE,VERNON
NORMANDIE,ALENCON
NORMANDIE,FLERS
NORMANDIE,ELBEUF
NORMANDIE,NEUFCHATEL-EN-BRAY
NOUVELLE-AQUITAINE,ESNANDES
NOUVELLE-AQUITAINE,ROCHEFORT
NOUVELLE-AQUITAINE,GUERET
NOUVELLE-AQUITAINE,BOUGON
NOUVELLE-AQUITAINE,BERGERAC
NOUVELLE-AQUITAINE,BORDEAUX
NOUVELLE-AQUITAINE,AGEN
NOUVELLE-AQUITAINE,LUSSAC-LES-CHATEAUX
NOUVELLE-AQUITAINE,POITIERS
OCCITANIE,FOIX
OCCITANIE,LIMOUX
OCCITANIE,AUCH
OCCITANIE,CONDOM
OCCITANIE,LECTOURE
OCCITANIE,LATTES
OCCITANIE,PEZENAS
OCCITANIE,SOUILLAC
OCCITANIE,LE PONT DE MONTVERT
OCCITANIE,PERPIGNAN
OCCITANIE,LAVAUR
OCCITANIE,GRISOLLES
OCCITANIE,MOISSAC
OCCITANIE,SAINT-ANTONIN-NOBLE-VAL
ALSACE,WISSEMBOURG
AQUITAINE,MOUSTEY
BOURGOGNE,GEVREY-CHAMBERTIN - Reulle Vergy
BOURGOGNE,CHAROLLES
BOURGOGNE,LOUHANS
BOURGOGNE,MARCIGNY
BOURGOGNE,SAINT-SAUVEUR-EN-PUISAYE
BRETAGNE,SARZEAU
CENTRE,CHATEAUMEILLANT
CENTRE,SAINT-AMAND-MONTROND
CENTRE,CHATEAUDUN
CENTRE,SACHE
CHAMPAGNE-ARDENNES,MOUZON
FRANCHE-COMTE,SALINS-LES-BAINS
ILE-DE-FRANCE,LIVRY-GARGAN
ILE-DE-FRANCE,CONFLANS-SAINTE-HONORINE
LANGUEDOC-ROUSSILLON,NARBONNE
LORRAINE,MONTMEDY
MARTINIQUE,FORT-DE-FRANCE TERRE-SAINVILLE
MIDI-PYRENEES,TARBES
MIDI-PYRENEES,LA-BASTIDE-ROUAIROUX
MIDI-PYRENEES,GRISOLLES
NORD-PAS-DE-CALAIS,DOUAI
NORD-PAS-DE-CALAIS,ETAPLES-SUR-MER
BASSE-NORMANDIE,BRICQUEBEC-EN-COTENTIN
HAUTE-NORMANDIE,FECAMP
PICARDIE,VENDEUIL-CAPLY
POITOU-CHARENTES,ESNANDES
PROVENCE-ALPES-CÔTE D'AZUR,LAMBESC
PROVENCE-ALPES-CÔTE D'AZUR,SAINT-TROPEZ
PROVENCE-ALPES-CÔTE D'AZUR,MAZAN
RHONE-ALPES,CHAMONIX
RHONE-ALPES,BOURG-SAINT-MAURICE
RHONE-ALPES,MOÛTIERS
AQUITAINE,BRANTOME
AQUITAINE,CREYSSE
BOURGOGNE,TOURNUS
CENTRE,SAINT-MARCEL
CENTRE,NAVEIL
CHAMPAGNE-ARDENNES,BRIENNE-LE-CHATEAU
FRANCHE-COMTE,NANCRAY
ILE-DE-FRANCE,L'ISLE-ADAM
LANGUEDOC-ROUSSILLON,LES MATELLES
BASSE-NORMANDIE,TROUVILLE-SUR-MER
PAYS DE LA LOIRE,SAINT LAMBERT-DU-LATTAY
PICARDIE,BLERANCOURT
PROVENCE-ALPES-CÔTE D'AZUR,BORMES-LES-MIMOSAS
RHONE-ALPES,VAUJANY
RHONE-ALPES,VILLEFRANCHE-SUR-SAONE
AQUITAINE,SAMADET
AUVERGNE,CHILHAC
BOURGOGNE,AUXONNE
BRETAGNE,COMMANA
CENTRE,MEHUN-SUR-YEVRE
CENTRE,ROMORANTIN-LANTHENAY
FRANCHE-COMTE,CHAMPLITTE
FRANCHE-COMTE,VESOUL
ILE-DE-FRANCE,COURBEVOIE
ILE-DE-FRANCE,LE BOURGET Cedex
LORRAINE,PONT-A-MOUSSON
LORRAINE,SARREBOURG
MIDI-PYRENEES,ROQUEFORT-SUR-SOULZON
MIDI-PYRENEES,ROCAMADOUR
MIDI-PYRENEES,ANDILLAC
BASSE-NORMANDIE,LISIEUX
BASSE-NORMANDIE,FLERS
BASSE-NORMANDIE,SEES
HAUTE-NORMANDIE,NEUFCHATEL-EN-BRAY
PAYS DE LA LOIRE,NOIRMOUTIER EN L'ILE
PROVENCE-ALPES-CÔTE D'AZUR,ORANGE
RHONE-ALPES,DIE
RHONE-ALPES,THONON-LES-BAINS
AQUITAINE,BOURG-SUR-GIRONDE
BOURGOGNE,VILLENEUVE-SUR-YONNE
CENTRE,AMBOISE
CENTRE,CHATILLON-COLIGNY
FRANCHE-COMTE,GRAY
FRANCHE-COMTE,MOREZ HAUTS DE BIENNE
FRANCHE-COMTE,ETUEFFONT
ILE-DE-FRANCE,MAULE
LANGUEDOC-ROUSSILLON,SAINT-JEAN DU GARD
LANGUEDOC-ROUSSILLON,LE PONT DE MONTVERT
LORRAINE,LANEUVEVILLE-DEVANT-NANCY
MIDI-PYRENEES,CAHORS
NORD-PAS-DE-CALAIS,SAINT-POL-SUR-TERNOISE
BASSE-NORMANDIE,ARROMANCHES
BASSE-NORMANDIE,BEAUMONT-EN-AUGE
PAYS DE LA LOIRE,GUERANDE
PAYS DE LA LOIRE,FONTENAY-LE-COMTE
PICARDIE,CHAUNY
PICARDIE,SAINT-QUENTIN
POITOU-CHARENTES,PRAHECQ
PROVENCE-ALPES-CÔTE D'AZUR,VILLEFRANCHE-SUR-MER
PROVENCE-ALPES-CÔTE D'AZUR,SAINTES-MARIES-DE-LA-MER
RHONE-ALPES,ALBERTVILLE
BOURGOGNE,LA CHARITE-SUR-LOIRE
BRETAGNE,ILE DE GROIX
CHAMPAGNE-ARDENNES,MUSSY-SUR-SEINE
LANGUEDOC-ROUSSILLON,SAINTE-LEOCADIE
MIDI-PYRENEES,LUZ-SAINT-SAUVEUR
PROVENCE-ALPES-CÔTE D'AZUR,VALREAS
RHONE-ALPES,GRIGNAN
RHONE-ALPES,VOIRON
LA REUNION,SAINT-DENIS DE LA REUNION
LANGUEDOC-ROUSSILLON,COLLIOURE
LORRAINE,LUNEVILLE
MIDI-PYRENEES,BEAUCAIRE
MIDI-PYRENEES,NIMES
MIDI-PYRENEES,PONT-SAINT-ESPRIT
MIDI-PYRENEES,CORDES-SUR-CIEL
NORD-PAS-DE-CALAIS,ARRAS
BASSE-NORMANDIE,VIEUX
PAYS DE LA LOIRE,GUERANDE Cedex
ALSACE,RIXHEIM
AQUITAINE,LIBOURNE
BOURGOGNE,NOYERS-SUR-SEREIN
CHAMPAGNE-ARDENNES,POURCY
ILE-DE-FRANCE,SAINT-REMY-LES-CHEVREUSE
LA REUNION,SAINT-DENIS
LIMOUSIN,CHATEAUPONSAC
LORRAINE,BAR-LE-DUC
LORRAINE,NEUFCHEF
NORD-PAS-DE-CALAIS,ANZIN
PAYS DE LA LOIRE,NOIRMOUTIER-EN-L'ILE
PICARDIE,SAINT-MICHEL-EN-THIERACHE
POITOU-CHARENTES,CIVRAY
RHONE-ALPES,BRIORD
SAINT-PIERRE ET MIQUELON,SAINT-PIERRE ET MIQUELON
CENTRE,AZAY-LE-FERRON
CENTRE,GIEN Cedex
MIDI-PYRENEES,AUCH
MIDI-PYRENEES,CABRERETS
PROVENCE-ALPES-CÔTE D'AZUR,ISTRES
AQUITAINE,VILLEFRANCHE-DE-LONCHAT
AQUITAINE,MEZIN
AUVERGNE,BEAULON
AUVERGNE,RETOURNAC
AUVERGNE,MOZAC
FRANCHE-COMTE,DOLE
MIDI-PYRENEES,VILLEFRANCHE-DE-ROUERGUE
MIDI-PYRENEES,BAGNERES-DE-BIGORRE
AUVERGNE-RHONE-ALPES,SAINT-CYR-SUR-MENTHON
AUVERGNE-RHONE-ALPES,CERILLY
AUVERGNE-RHONE-ALPES,ALBA-LA-ROMAINE
AUVERGNE-RHONE-ALPES,SERRIERES
AUVERGNE-RHONE-ALPES,SAINT-FLOUR
AUVERGNE-RHONE-ALPES,DIE
AUVERGNE-RHONE-ALPES,VASSIEUX-EN-VERCORS
AUVERGNE-RHONE-ALPES,CHAMONIX
AUVERGNE-RHONE-ALPES,ALLEVARD-LES-BAINS
AUVERGNE-RHONE-ALPES,VIENNE
AUVERGNE-RHONE-ALPES,AMBIERLE
AUVERGNE-RHONE-ALPES,SAINT-PRIEST-EN-JAREZ
AUVERGNE-RHONE-ALPES,CLERMONT-FERRAND
AUVERGNE-RHONE-ALPES,ROCHETAILLEE-SUR-SAONE
AUVERGNE-RHONE-ALPES,AIME-EN-TARENTAISE
AUVERGNE-RHONE-ALPES,CHAMBERY
AUVERGNE-RHONE-ALPES,MOÛTIERS
BOURGOGNE-FRANCHE-COMTE,VARZY
BOURGOGNE-FRANCHE-COMTE,BLANZY
BOURGOGNE-FRANCHE-COMTE,CHAROLLES
BOURGOGNE-FRANCHE-COMTE,SOLUTRE-POUILLY
BOURGOGNE-FRANCHE-COMTE,BEAUCOURT
BRETAGNE,BAUD
BRETAGNE,CARNAC
CENTRE-VAL DE LOIRE,CHARTRES
CENTRE-VAL DE LOIRE,DESCARTES
CENTRE-VAL DE LOIRE,RICHELIEU
CENTRE-VAL DE LOIRE,CHATILLON-COLIGNY
CORSE,SARTENE
GRAND EST,MUSSY-SUR-SEINE
GRAND EST,MOLSHEIM
GRAND EST,SAVERNE
GRAND EST,GUEBWILLER
GRAND EST,TOUL
GRAND EST,COMMERCY
GRAND EST,VIC-SUR-SEILLE
GRAND EST,REMIREMONT
GRAND EST,SAINT-DIE-DES-VOSGES
HAUTS-DE-FRANCE,BLERANCOURT
HAUTS-DE-FRANCE,BOUCHAIN
HAUTS-DE-FRANCE,FOURMIES
HAUTS-DE-FRANCE,GRAVELINES
HAUTS-DE-FRANCE,NOYON
HAUTS-DE-FRANCE,SENLIS
HAUTS-DE-FRANCE,BOULOGNE-SUR-MER
HAUTS-DE-FRANCE,LE TOUQUET-PARIS-PLAGE
ILE-DE-FRANCE,BOUSSY-SAINT-ANTOINE
ILE-DE-FRANCE,MAISONS-ALFORT
ILE-DE-FRANCE,ARGENTEUIL
NORMANDIE,HONFLEUR
NORMANDIE,ORBEC
NORMANDIE,LOUVIERS Cedex
NORMANDIE,SAINTE-MERE-EGLISE
NORMANDIE,TORIGNI-SUR-VIRE
NORMANDIE,VALOGNES
NORMANDIE,HARFLEUR
NORMANDIE,NOTRE-DAME-DE-BONDEVILLE
NORMANDIE,SAINT-NICOLAS-D'ALIERMONT
NOUVELLE-AQUITAINE,ANGOULEME
NOUVELLE-AQUITAINE,SAINTES
NOUVELLE-AQUITAINE,SAINT-JEAN-D'ANGELY
NOUVELLE-AQUITAINE,SAINT-MARTIN-DE-RE
NOUVELLE-AQUITAINE,BRIVE-LA-GAILLARDE
NOUVELLE-AQUITAINE,TULLE
NOUVELLE-AQUITAINE,BRANTOME EN PERIGORD
NOUVELLE-AQUITAINE,LIBOURNE
OCCITANIE,CARCASSONNE
OCCITANIE,SALMIECH
OCCITANIE,LUZ-SAINT-SAUVEUR
OCCITANIE,RABASTENS
AUVERGNE-RHONE-ALPES,IZERNORE
AUVERGNE-RHONE-ALPES,MOURS SAINT-EUSEBE
AUVERGNE-RHONE-ALPES,BOURGOIN-JALLIEU
AUVERGNE-RHONE-ALPES,HIERES-SUR-AMBY
AUVERGNE-RHONE-ALPES,LA MURE
AUVERGNE-RHONE-ALPES,ESTIVAREILLES
AUVERGNE-RHONE-ALPES,USSON-EN-FOREZ
BOURGOGNE-FRANCHE-COMTE,MONTBELIARD
BOURGOGNE-FRANCHE-COMTE,LE HAUT-DU-THEM-CHÂTEAU-LAMBERT
BOURGOGNE-FRANCHE-COMTE,VESOUL
BOURGOGNE-FRANCHE-COMTE,MOIRANS-EN-MONTAGNE
BOURGOGNE-FRANCHE-COMTE,CHATEAU-CHINON (Ville)
BOURGOGNE-FRANCHE-COMTE,BOURBON-LANCY
BRETAGNE,LE FAOUET
CENTRE-VAL DE LOIRE,VIERZON
CENTRE-VAL DE LOIRE,ARGENTON-SUR-CREUSE
CENTRE-VAL DE LOIRE,SAINT-MARCEL
CENTRE-VAL DE LOIRE,SACHE
GRAND EST,SEDAN
GRAND EST,REICHSHOFFEN
GRAND EST,SAINT-DIZIER
GRAND EST,THANN
GRAND EST,JARVILLE-LA-MALGRANGE
GRAND EST,SAMPIGNY
GRAND EST,PHALSBOURG
HAUTS-DE-France,LE CATEAU-CAMBRESIS
HAUTS-DE-France,LEWARDE
HAUTS-DE-France,ROUBAIX
HAUTS-DE-France,SAINT-AMAND-LES-EAUX
HAUTS-DE-France,NOYON
HAUTS-DE-France,SENLIS
HAUTS-DE-France,LE TOUQUET-PARIS-PLAGE
ILE-DE-France,BOUSSY-SAINT-ANTOINE
ILE-DE-France,DOURDAN
ILE-DE-France,COLOMBES
ILE-DE-France,PARIS
ILE-DE-France,COUPVRAY
ILE-DE-France,NEMOURS
ILE-DE-France,PROVINS
ILE-DE-France,LE BOURGET
ILE-DE-France,MAISONS-ALFORT
ILE-DE-France,POISSY
NORMANDIE,SAINT-GERMAIN-DE-LIVET
NORMANDIE,SAINT-LÔ
NORMANDIE,MARTAINVILLE-EPREVILLE
NOUVELLE-AQUITAINE,FOURAS
NOUVELLE-AQUITAINE,THOUARS
NOUVELLE-AQUITAINE,BOURG-SUR-GIRONDE
NOUVELLE-AQUITAINE,SAINT-SEVER
NOUVELLE-AQUITAINE,NERAC
NOUVELLE-AQUITAINE,GUETHARY
NOUVELLE-AQUITAINE,PAU
NOUVELLE-AQUITAINE,MONTMORILLON
OCCITANIE,BAGNOLS-SUR-CEZE
OCCITANIE,BEAUCAIRE
OCCITANIE,NÎMES
OCCITANIE,SAINT-BERTRAND-DE-COMMINGES
OCCITANIE,LE CAP D'AGDE
OCCITANIE,BEZIERS
OCCITANIE,FRONTIGNAN-LA-PEYRADE
OCCITANIE,LUNEL
OCCITANIE,MURVIEL-LES-MONTPELLIER
OCCITANIE,CABRERETS
OCCITANIE,MARTEL
OCCITANIE,COLLIOURE
OCCITANIE,TAUTAVEL
OCCITANIE,CASTRES
OCCITANIE,MONTANS
OCCITANIE,AUVILLAR
PAYS DE LA LOIRE,LA CHAIZE-LE-VICOMTE
PROVENCE-ALPES-CÔTE D'AZUR,AUBAGNE & PUYLOUBIER
AUVERGNE-RHONE-ALPES,NERIS-LES-BAINS
AUVERGNE-RHONE-ALPES,MONTELIMAR
AUVERGNE-RHONE-ALPES,THONES
AUVERGNE-RHONE-ALPES,LA CÔTE-SAINT-ANDRE
AUVERGNE-RHONE-ALPES,LEZOUX
AUVERGNE-RHONE-ALPES,THIERS
AUVERGNE-RHONE-ALPES,AIME-EN-TARENTAISE Cedex
BOURGOGNE-FRANCHE-COMTE,BEAUNE
BOURGOGNE-FRANCHE-COMTE,CHATILLON-SUR-SEINE
BOURGOGNE-FRANCHE-COMTE,ORNANS
BOURGOGNE-FRANCHE-COMTE,LE CREUSOT Cedex
BOURGOGNE-FRANCHE-COMTE,BELFORT Cedex
BOURGOGNE-FRANCHE-COMTE,SAINT-FARGEAU
BRETAGNE,LANDEVENNEC
CENTRE-VAL DE LOIRE,CHATEAUDUN
CENTRE-VAL DE LOIRE,LA CHATRE
CENTRE-VAL DE LOIRE,GIEN Cedex
GRAND EST,BAZEILLES
GRAND EST,WŒRTH
GRAND EST,RIQUEWIHR
GRAND EST,RIXHEIM Cedex
GRAND EST,CHÂLONS-EN-CHAMPAGNE
GRAND EST,BAR-LE-DUC
GRAND EST,THIONVILLE Cedex
HAUTS-DE-France,GUISE
HAUTS-DE-France,VILLERS COTTERETS
HAUTS-DE-France,BAILLEUL
HAUTS-DE-France,CAMBRAI
HAUTS-DE-France,CREIL
HAUTS-DE-France,MERU
ILE-DE-France,ISSY-LES-MOULINEAUX
ILE-DE-France,LE MEE-SUR-SEINE
ILE-DE-France,NOGENT-SUR-MARNE
ILE-DE-France,LOUVRES
ILE-DE-France,MAGNY-LES-HAMEAUX
ILE-DE-France,MARLY-LE-ROI
ILE-DE-France,RAMBOUILLET
ILE-DE-France,SAINT-GERMAIN-EN-LAYE
ILE-DE-France,VERSAILLES
NORMANDIE,PONT-AUDEMER
NORMANDIE,BARENTON
NORMANDIE,BRICQUEBEC-EN-COTENTIN
NORMANDIE,LA FERTE-MACE
NORMANDIE,FECAMP
NORMANDIE,RIVES-EN-SEINE
NOUVELLE-AQUITAINE,SAINT-PIERRE D'OLERON
NOUVELLE-AQUITAINE,USSEL
NOUVELLE-AQUITAINE,BRESSUIRE
NOUVELLE-AQUITAINE,MONT-DE-MARSAN
NOUVELLE-AQUITAINE,MONTFORT-EN-CHALOSSE
NOUVELLE-AQUITAINE,MARMANDE
NOUVELLE-AQUITAINE,CHATELLERAULT
OCCITANIE,MONTGAILHARD
OCCITANIE,CASTELNAUDARY
OCCITANIE,SALLES-LA-SOURCE
OCCITANIE,L'ISLE-JOURDAIN
OCCITANIE,MIRANDE
PAYS DE LA LOIRE,LES SABLES-D'OLONNE
RHONE-ALPES,LES VANS
RHONE-ALPES,MONTELIMAR
RHONE-ALPES,AIME-EN-TARENTAISE Cedex
AQUITAINE,SANGUINET
BOURGOGNE,SAINT-AMAND-EN-PUISAYE
ILE-DE-FRANCE,SCEAUX
RHONE-ALPES,SAINT-ROMAIN-EN-GAL
ALSACE,MOLSHEIM
AQUITAINE,SAUVETERRE-LA-LEMANCE
AUVERGNE,MONTLUCON
LIMOUSIN,GUERET
HAUTE-NORMANDIE,LILLEBONNE
RHONE-ALPES,AMPLEPUIS
BOURGOGNE,FIXIN
FRANCHE-COMTE,LE HAUT-DU-THEM
MIDI-PYRENEES,LECTOURE
NORD-PAS-DE-CALAIS,LENS
BASSE-NORMANDIE,L'AIGLE
MIDI-PYRENEES,MILLAU
ALSACE,KAYSERSBERG
RHONE-ALPES,ALBA-LA-ROMAINE
ILE-DE-FRANCE,LOUVRES
MIDI-PYRENEES,BATZ-SUR-MER
MIDI-PYRENEES,BLAIN
AUVERGNE-RHONE-ALPES,OYONNAX
AUVERGNE-RHONE-ALPES,PEROUGES
AUVERGNE-RHONE-ALPES,MONTLUCON
AUVERGNE-RHONE-ALPES,SOUVIGNY
AUVERGNE-RHONE-ALPES,VALENCE
AUVERGNE-RHONE-ALPES,THONON-LES-BAINS
AUVERGNE-RHONE-ALPES,ALPE D'HUEZ
AUVERGNE-RHONE-ALPES,ECHIROLLES
AUVERGNE-RHONE-ALPES,LA-COTE-SAINT-ANDRE
AUVERGNE-RHONE-ALPES,FEURS
AUVERGNE-RHONE-ALPES,SAINT-ROMAIN-EN-GAL
BOURGOGNE-FRANCHE-COMTE,PONTARLIER
BOURGOGNE-FRANCHE-COMTE,LE HAUT-DU-THEM
BOURGOGNE-FRANCHE-COMTE,VOITEUR
BOURGOGNE-FRANCHE-COMTE,PARAY-LE-MONIAL
BOURGOGNE-FRANCHE-COMTE,PIERRE-DE-BRESSE
BOURGOGNE-FRANCHE-COMTE,ROMANECHE-THORINS
BOURGOGNE-FRANCHE-COMTE,VERDUN-SUR-LE-DOUBS
BOURGOGNE-FRANCHE-COMTE,VEZELAY
CENTRE-VAL DE LOIRE,MEHUN-SUR-YEVRE
CENTRE-VAL DE LOIRE,DREUX
CENTRE-VAL DE LOIRE,LE GRAND PRESSIGNY
CENTRE-VAL DE LOIRE,LOCHES
CENTRE-VAL DE LOIRE,SAVIGNE-SUR-LATHAN
CENTRE-VAL DE LOIRE,ROMORANTIN-LANTHENAY
CENTRE-VAL DE LOIRE,ARTENAY
GRAND EST,BOUXWILLER
GRAND EST,NIEDERBRONN-LES-BAINS
GRAND EST,WISSEMBOURG
GRAND EST,KAYSERSBERG VIGNOBLE
GRAND EST,NEUF-BRISACH
GRAND EST,EPINAL
HAUTS-DE-FRANCE,CAMBRAI
HAUTS-DE-FRANCE,BEAUVAIS
HAUTS-DE-FRANCE,DESVRES
HAUTS-DE-FRANCE,MONTREUIL-SUR-MER
HAUTS-DE-FRANCE,PERONNE
NORMANDIE,SAINT-VAAST-LA-HOUGUE
NORMANDIE,L'AIGLE
NORMANDIE,CANTELEU
NORMANDIE,LILLEBONNE
NORMANDIE,MONTVILLE
NORMANDIE,YVETOT
NOUVELLE-AQUITAINE,ILE D'AIX
NOUVELLE-AQUITAINE,MEZIN
NOUVELLE-AQUITAINE,ARUDY
OCCITANIE,SAINT-LIZIER
OCCITANIE,SALLELES D'AUDE
OCCITANIE,VILLENEUVE-LES-AVIGNON
OCCITANIE,AURIGNAC
OCCITANIE,BAGNERES-DE-LUCHON
OCCITANIE,CŒUR DE CAUSSE
BOURGOGNE-FRANCHE-COMTE,NUITS-SAINT-GEORGES
BOURGOGNE-FRANCHE-COMTE,SAULIEU
BOURGOGNE-FRANCHE-COMTE,LA MACHINE
BOURGOGNE-FRANCHE-COMTE,AVALLON
BOURGOGNE-FRANCHE-COMTE,SAINT-SAUVEUR-EN-PUISAYE
CENTRE-VAL DE LOIRE,SAINVILLE
GRAND EST,BARR
GRAND EST,BIESHEIM
GRAND EST,CERNAY
HAUTS-DE-FRANCE,LA FERE
HAUTS-DE-FRANCE,VILLERS COTTERETS
HAUTS-DE-FRANCE,BERGUES
HAUTS-DE-FRANCE,VENDEUIL-CAPLY
HAUTS-DE-FRANCE,BERCK-SUR-MER
HAUTS-DE-FRANCE,LENS
HAUTS-DE-FRANCE,SAINT-POL-SUR-TERNOISE
HAUTS-DE-FRANCE,AMIENS
NORMANDIE,LOUVIERS
NORMANDIE,SAINT-MICHEL-DE-MONTJOIE
NOUVELLE-AQUITAINE,VILLANDRAUT
NOUVELLE-AQUITAINE,CHATEAUPONSAC
NOUVELLE-AQUITAINE,LIMOGES
NOUVELLE-AQUITAINE,DAX
OCCITANIE,LAVELANET
OCCITANIE,ESPALION
OCCITANIE,LE VIGAN
OCCITANIE,LOURDES
OCCITANIE,TARBES
OCCITANIE,MINERVE
OCCITANIE,SAULIAC-SUR-CELE
ALSACE,WOERTH
ALSACE,KIENTZHEIM
BOURGOGNE,ALISE-SAINTE-REINE
LORRAINE,PLOMBIERES-LES-BAINS
BASSE-NORMANDIE,SAINT-PIERRE-SUR-DIVES
AQUITAINE,LUXEY
CENTRE,PITHIVIERS
LORRAINE,THIONVILLE Cedex
PICARDIE,ORIGNY-EN-THIERACHE
RHONE-ALPES,PRIVAS
MARTINIQUE,RIVIERE-PILOTE
MIDI-PYRENEES,SAULIAC-SUR-CELE
LORRAINE,EPINAL Cedex
MIDI-PYRENEES,VILLENEUVE-LES-AVIGNON
AUVERGNE-RHONE-ALPES,MOULINS
AUVERGNE-RHONE-ALPES,ORGNAC-L'AVEN
AUVERGNE-RHONE-ALPES,LE PUY-EN-VELAY
AUVERGNE-RHONE-ALPES,AOSTE
AUVERGNE-RHONE-ALPES,SAINT-PIERRE-DE-CHARTREUSE
AUVERGNE-RHONE-ALPES,CHAZELLES-SUR-LYON
BOURGOGNE-FRANCHE-COMTE,NEVERS
BOURGOGNE-FRANCHE-COMTE,BELFORT
BOURGOGNE-FRANCHE-COMTE,VILLIERS-SAINT-BENOIT
CENTRE-VAL DE LOIRE,CHATEAUMEILLANT
CENTRE-VAL DE LOIRE,AZAY-LE-FERRON
GRAND EST,MOUZON
GRAND EST,RETHEL
GRAND EST,CHAUMONT
GRAND EST,KAYSERSBERG
GRAND EST,STENAY
HAUTS-DE-FRANCE,CHATEAU-THIERRY
HAUTS-DE-FRANCE,LE CATEAU-CAMBRESIS
HAUTS-DE-FRANCE,MARCHIENNES
HAUTS-DE-FRANCE,SARS-POTERIES
HAUTS-DE-FRANCE,CREPY-EN-VALOIS
HAUTS-DE-FRANCE,SAMER
ILE-DE-FRANCE,CHAMPIGNY-SUR-MARNE
NORMANDIE,BAYEUX
NORMANDIE,TILLY-SUR-SEULLES
NORMANDIE,VILLEDIEU-LES-POELES-ROUFFIGNY
NORMANDIE,SEES
NOUVELLE-AQUITAINE,ST-PIERRE D'OLERON
NOUVELLE-AQUITAINE,AUBUSSON
OCCITANIE,SAINT-JEAN DU GARD
OCCITANIE,BOUZIGUES
AUVERGNE-RHONE-ALPES,RUYNES-EN-MARGERIDE
AUVERGNE-RHONE-ALPES,CHARAVINES
AUVERGNE-RHONE-ALPES,MARSAC-EN-LIVRADOIS
AUVERGNE-RHONE-ALPES,CHAMBERY CEDEX
BOURGOGNE-FRANCHE-COMTE,CHAMPLITTE
BOURGOGNE-FRANCHE-COMTE,CLAMECY
BOURGOGNE-FRANCHE-COMTE,SAINT-LEGER-SOUS-BEUVRAY
BRETAGNE,SAINT-MARCEL
CENTRE-VAL DE LOIRE,ISSOUDUN
CENTRE-VAL DE LOIRE,CHINON
CENTRE-VAL DE LOIRE,CHÂTEAUNEUF-SUR-LOIRE
CENTRE-VAL DE LOIRE,GIEN
GRAND EST,WALDERSBACH
GRAND EST,BOURBONNE-LES-BAINS
GRAND EST,OLTINGUE
GRAND EST,EPERNAY
GRAND EST,PONT-A-MOUSSON
GRAND EST,PETITE-ROSSELLE
HAUTS-DE-France,HIRSON
HAUTS-DE-France,LA FERE
HAUTS-DE-France,SAINT-QUENTIN
HAUTS-DE-France,DOUAI
HAUTS-DE-France,DUNKERQUE
HAUTS-DE-France,GRAVELINES
HAUTS-DE-France,HAZEBROUCK
HAUTS-DE-France,LILLE
HAUTS-DE-France,MAUBEUGE
HAUTS-DE-France,VALENCIENNES
HAUTS-DE-France,COMPIEGNE
HAUTS-DE-France,SAINT-OMER
ILE-DE-France,ETAMPES
ILE-DE-France,MEUDON
ILE-DE-France,SAINT-CLOUD
ILE-DE-France,SEVRES
ILE-DE-France,SURESNES
ILE-DE-France,MEAUX
ILE-DE-France,VULAINES-SUR-SEINE
ILE-DE-France,LA VARENNE-SAINT-HILAIRE
ILE-DE-France,GUIRY-EN-VEXIN
ILE-DE-France,PONTOISE
ILE-DE-France,CONFLANS-SAINTE-HONORINE
ILE-DE-France,MANTES-LA-JOLIE
ILE-DE-France,MONTFORT-L'AMAURY
MAYOTTE,DZAOUDZI
NORMANDIE,DIEPPE
NORMANDIE,NEUFCHÂTEL-EN-BRAY
NOUVELLE-AQUITAINE,BOURDEILLES
NOUVELLE-AQUITAINE,DOMME
OCCITANIE,SAINT-GAUDENS
OCCITANIE,LODEVE
OCCITANIE,CERET
OCCITANIE,PERPIGNAN Cedex
ST PIERRE ET MIQUELON,SAINT-PIERRE
AUVERGNE-RHONE-ALPES,ROMANS-SUR-ISERE
AUVERGNE-RHONE-ALPES,GRENOBLE Cedex 1
AUVERGNE-RHONE-ALPES,SAINT-ETIENNE Cedex 1
AUVERGNE-RHONE-ALPES,VOLVIC
BOURGOGNE-FRANCHE-COMTE,GRAY
BOURGOGNE-FRANCHE-COMTE,DOLE
CENTRE-VAL DE LOIRE,SAVIGNY-EN-VERON
GRAND EST,SAINTE-MENEHOULD
GRAND EST,EPINAL Cedex
HAUTS-DE-France,CASSEL
HAUTS-DE-France,CAUDRY
HAUTS-DE-France,FOURMIES-TRELON
HAUTS-DE-France,MAUBEUGE Cedex
HAUTS-DE-France,SARS-POTERIES
HAUTS-DE-France,ARRAS
HAUTS-DE-France,BERCK-SUR-MER
HAUTS-DE-France,DESVRES
HAUTS-DE-France,SAINT-POL-SUR-TERNOISE
HAUTS-DE-France,PERONNE Cédex
ILE-DE-France,BOULOGNE-BILLANCOURT
ILE-DE-France,FONTAINEBLEAU
ILE-DE-France,SAINT-CYR-SUR-MORIN
ILE-DE-France,VITRY SUR SEINE
ILE-DE-France,ECOUEN
MARTINIQUE,FORT-DE-France
NORMANDIE,CERISY-LA-FORÊT
NORMANDIE,EU
NOUVELLE-AQUITAINE,ÎLE-D'AIX
NOUVELLE-AQUITAINE,AGEN Cedex 9
OCCITANIE,LE MAS-D'AZIL
OCCITANIE,SAINT-JEAN-DU-GARD
OCCITANIE,FIGEAC
OCCITANIE,LUZECH
CHAMPAGNE-ARDENNES,SAINTE-MENEHOULD
MARTINIQUE,FORT-DE-FRANCE - MARTINIQUE-
HAUTE-NORMANDIE,LOUVIERS Cedex
MIDI-PYRENEES,SAINT-BERTRAND-DE-COMMINGES
ILE-DE-FRANCE,SAINT-GERMAIN-EN-LAYE Cedex
FRANCHE-COMTE,CHATEAU-CHINON
AUVERGNE,GRIGNAN
AUVERGNE,MONTELIMAR
LIMOUSIN,PAU
MIDI-PYRENEES,GUERANDE
BASSE-NORMANDIE,SAINTE-MERE-EGLISE
AUVERGNE-RHONE-ALPES,SAINT-PAUL-DE-VARAX
AUVERGNE-RHONE-ALPES,VICHY
AUVERGNE-RHONE-ALPES,VOIRON
BOURGOGNE-FRANCHE-COMTE,CHAMPAGNOLE
BOURGOGNE-FRANCHE-COMTE,SAINT-AMAND-EN-PUISAYE
CENTRE-VAL DE LOIRE,LE BLANC
GRAND EST,BETSCHDORF
GRAND EST,PFAFFENHOFFEN
GRAND EST,WINGEN-SUR-MODER
HAUTS-DE-FRANCE,VERVINS
HAUTS-DE-FRANCE,CAUDRY
HAUTS-DE-FRANCE,DENAIN
HAUTS-DE-FRANCE,TOURCOING
HAUTS-DE-FRANCE,MERU
HAUTS-DE-FRANCE,BETHUNE
NORMANDIE,SAINT-CYR LA ROSIERE
NORMANDIE,VILLEQUIER
OCCITANIE,MARTRES-TOLOSANE
OCCITANIE,ALBI
AUVERGNE-RHONE-ALPES,NANTUA
AUVERGNE-RHONE-ALPES,AMPLEPUIS
AUVERGNE-RHONE-ALPES,BEAUJEU
BOURGOGNE-FRANCHE-COMTE,NOYERS-SUR-SEREIN
GRAND EST,NOGENT-SUR-SEINE
GRAND EST,GRAVELOTTE
NORMANDIE,SAINT-SAUVEUR-LE-VICOMTE
NORMANDIE,NOTRE-DAME-DE-BLIQUETUIT
OCCITANIE,ANDILLAC
AUVERGNE-RHONE-ALPES,LAVAUDIEU
AUVERGNE-RHONE-ALPES,RUMILLY
BOURGOGNE-FRANCHE-COMTE,MARCIGNY
HAUTS-DE-FRANCE,CREIL
HAUTS-DE-FRANCE,ETAPLES-SUR-MER
HAUTS-DE-FRANCE,DOULLENS
NOUVELLE-AQUITAINE,CLARACQ
NOUVELLE-AQUITAINE,CIVRAY
OCCITANIE,HEREPIAN
OCCITANIE,VAYRAC
AUVERGNE-RHONE-ALPES,MUROL
BOURGOGNE-FRANCHE-COMTE,COSNE-COURS-SUR-LOIRE
CENTRE-VAL DE LOIRE,CHÂTEAUMEILLANT
CENTRE-VAL DE LOIRE,LE GRAND-PRESSIGNY
HAUTS-DE-France,BLERANCOURT
HAUTS-DE-France,BAVAY
HAUTS-DE-France,MARCHIENNES
HAUTS-DE-France,VILLENEUVE-D'ASCQ
HAUTS-DE-France,CHAUMONT-EN-VEXIN
HAUTS-DE-France,CREPY-EN-VALOIS
HAUTS-DE-France,VENDEUIL-CAPLY
HAUTS-DE-France,ETAPLES-SUR-MER
HAUTS-DE-France,DOULLENS
ILE-DE-France,BIEVRES
ILE-DE-France,RUEIL-MALMAISON
ILE-DE-France,SCEAUX
ILE-DE-France,COULOMMIERS
ILE-DE-France,MELUN
ILE-DE-France,ARGENTEUIL
ILE-DE-France,JOUY-EN-JOSAS
ILE-DE-France,MONTIGNY-LE-BRETONNEUX
LA REUNION,SAINT-GILLES-LES-HAUTS - SAINT PAUL
NORMANDIE,VILLEDIEU-LES-POÊLES-ROUFFIGNY
NORMANDIE,PETIT-COURONNE
OCCITANIE,LIMOUX Cedex
OCCITANIE,SAINT-GILLES-DU-GARD
OCCITANIE,MARCIAC
AUVERGNE-RHONE-ALPES,THIZY-LES-BOURGS
BOURGOGNE-FRANCHE-COMTE,MONTBELIARD Cedex
BOURGOGNE-FRANCHE-COMTE,FOUGEROLLES-SAINT-VALBERT
GRAND EST,LONGWY
HAUTS-DE-France,TOURCOING
HAUTS-DE-France,BETHUNE
ILE-DE-France,COURBEVOIE
ILE-DE-France,BARBIZON
ILE-DE-France,COULOMMIERS cedex
ILE-DE-France,MELUN Cedex
ILE-DE-France,MORET-SUR-LOING-ET-ORVANNE
ILE-DE-France,BRY-SUR-MARNE
ILE-DE-France,SAINT-REMY-LES-CHEVREUSE
NORMANDIE,VIRE NORMANDIE Cedex
NORMANDIE,TORIGNY-LES-VILLES
NOUVELLE-AQUITAINE,DAX Cedex
OCCITANIE,ALBI Cedex
AQUITAINE,SARLAT-LA-CANEDA
RHONE-ALPES,CHILHAC
RHONE-ALPES,LAVAUDIEU
RHONE-ALPES,LE PUY-EN-VELAY
LORRAINE,GRAVELOTTE
PROVENCE-ALPES-CÔTE D'AZUR,AIGUINES
CENTRE,MOROSAGLIA
AUVERGNE-RHONE-ALPES,CHILHAC
AUVERGNE-RHONE-ALPES,SAINT-ETIENNE-LE-MOLARD
GRAND EST,RIXHEIM
GRAND EST,UNGERSHEIM
GRAND EST,NEUFCHEF
HAUTS-DE-FRANCE,HAZEBROUCK
HAUTS-DE-FRANCE,CHAUMONT-EN-VEXIN
HAUTS-DE-FRANCE,ARRAS
NOUVELLE-AQUITAINE,SAUVETERRE-LA-LEMANCE
OCCITANIE,UZES
OCCITANIE,L'ISLE JOURDAIN
CENTRE-VAL DE LOIRE,CHATEAUROUX
NOUVELLE-AQUITAINE,SANGUINET
OCCITANIE,LES MATELLES
CENTRE,BEAUGENCY
RHONE-ALPES,SAINT-GERMAIN-LAVAL
MIDI-PYRENEES,BAGNOLS-SUR-CEZE
MIDI-PYRENEES,LE VIGAN
MIDI-PYRENEES,SAINT-GILLES-DU-GARD
MIDI-PYRENEES,UZES
MIDI-PYRENEES,ALES
MIDI-PYRENEES,SAINT-JEAN DU GARD
RHONE-ALPES,CHAMBERY CEDEX
GRAND EST,WOERTH
BOURGOGNE-FRANCHE-COMTE,CLUNY
BRETAGNE,BRECH
GRAND EST,HUNINGUE
HAUTS-DE-France,SOISSONS
HAUTS-DE-France,VERVINS
HAUTS-DE-France,BOUCHAIN
HAUTS-DE-France,BEAUVAIS
HAUTS-DE-France,BOULOGNE-SUR-MER
HAUTS-DE-France,CALAIS
HAUTS-DE-France,LENS
HAUTS-DE-France,PERONNE
ILE-DE-France,BRUNOY
ILE-DE-France,LAGNY-SUR-MARNE
ILE-DE-France,CHAMPIGNY-SUR-MARNE
ILE-DE-France,FRESNES
ILE-DE-France,MONTMORENCY
AUVERGNE-RHONE-ALPES,RETOURNAC
BOURGOGNE-FRANCHE-COMTE,AUXONNE
BOURGOGNE-FRANCHE-COMTE,DIJON Cedex
BRETAGNE,RENNES Cedex
BRETAGNE,VITRE Cedex
HAUTS-DE-France,BERGUES
HAUTS-DE-France,CHANTILLY
HAUTS-DE-France,AMIENS
ILE-DE-France,LE BOURGET Cedex
NORMANDIE,SAINT-CYR-LA-ROSIERE
OCCITANIE,SALLELES-D'AUDE
OCCITANIE,UZES Cedex
PAYS DE LA LOIRE,FAYMOREAU-LES-MINES
AUVERGNE,AURILLAC Cedex
AUVERGNE,DIE
MIDI-PYRENEES,AURIGNAC
NORMANDIE,TROUVILLE-SUR-MER
NOUVELLE-AQUITAINE,BRANTOME
OCCITANIE,MAUVEZIN
NORMANDIE,BARENTIN
GRAND EST,VIEUX-FERRETTE
GRAND EST,MARSAL
HAUTS-DE-France,CHATEAU-THIERRY
HAUTS-DE-France,HARNES
ILE-DE-France,CHELLES
ILE-DE-France,SAINT-DENIS
ILE-DE-France,L'ISLE-ADAM
NOUVELLE-AQUITAINE,LES EYZIES
OCCITANIE,FONTRIEU
PAYS DE LA LOIRE,VILLENEUVE-EN-RETZ
BOURGOGNE-FRANCHE-COMTE,BELFORT cedex
CENTRE-VAL DE LOIRE,PITHIVIERS Cedex
CORSE,BASTIA Cedex
NORMANDIE,FLERS cedex
OCCITANIE,LATTES Cédex
